image_path,label,prediction
data/images/hq/001.png,bulbasaur,Bulbasaur
data/images/hq/002.png,ivysaur,Bulbasaur
data/images/hq/003-Gmax.png,venusaur-gmax,Gengar
data/images/hq/003-Mega.png,venusaur-mega,Bellossom
data/images/hq/003.png,venusaur,Bulbasaur
data/images/hq/004.png,charmander,Charmander
data/images/hq/005.png,charmeleon,Charizard
data/images/hq/006-Gmax.png,charizard-gmax,Charizard
data/images/hq/006-Mega-X.png,charizard-mega-x,Garchomp
data/images/hq/006-Mega-Y.png,charizard-mega-y,Charizard
data/images/hq/006.png,charizard,Charizard
data/images/hq/007.png,squirtle,Squirtle
data/images/hq/008.png,wartortle,Shellder
data/images/hq/009-Gmax.png,blastoise-gmax,Garchomp
data/images/hq/009-Mega.png,blastoise-mega,Blastoise
data/images/hq/009.png,blastoise,Blastoise
data/images/hq/010.png,caterpie,Turtwig
data/images/hq/011.png,metapod,Bulbasaur
data/images/hq/012-Gmax.png,butterfree-gmax,Butterfree
data/images/hq/012.png,butterfree,Butterfree
data/images/hq/013.png,weedle,Snorlax
data/images/hq/014.png,kakuna,Kecleon
data/images/hq/015-Mega.png,beedrill-mega,Beedrill
data/images/hq/015.png,beedrill,Beedrill
data/images/hq/016.png,pidgey,Pidgeotto
data/images/hq/017.png,pidgeotto,Pidgeotto
data/images/hq/018-Mega.png,pidgeot-mega,Pidgeotto
data/images/hq/018.png,pidgeot,Articuno
data/images/hq/019-Alola.png,rattata-alola,Sneasel
data/images/hq/019.png,rattata,Lickitung
data/images/hq/020-Alola.png,raticate-alola,Gligar
data/images/hq/020.png,raticate,Lickitung
data/images/hq/021.png,spearow,Talonflame
data/images/hq/022.png,fearow,Articuno
data/images/hq/023.png,ekans,Sneasel
data/images/hq/024.png,arbok,Gengar
data/images/hq/025-Alola-Cap.png,pikachu-alola-cap,Pikachu
data/images/hq/025-Belle.png,pikachu-belle,Pikachu
data/images/hq/025-Cosplay.png,pikachu-cosplay,Pikachu
data/images/hq/025-Gmax.png,pikachu-gmax,Pikachu
data/images/hq/025-Hoenn-Cap.png,pikachu-hoenn-cap,Pikachu
data/images/hq/025-Kalos-Cap.png,pikachu-kalos-cap,Pikachu
data/images/hq/025-Libre.png,pikachu-libre,Pikachu
data/images/hq/025-Original-Cap.png,pikachu-original-cap,Pikachu
data/images/hq/025-Partner-Cap.png,pikachu-partner-cap,Pikachu
data/images/hq/025-Phd.png,pikachu-phd,Pikachu
data/images/hq/025-Pop-Star.png,pikachu-pop-star,Pikachu
data/images/hq/025-Rock-Star.png,pikachu-rock-star,Pikachu
data/images/hq/025-Sinnoh-Cap.png,pikachu-sinnoh-cap,Pikachu
data/images/hq/025-Starter.png,pikachu-starter,Pikachu
data/images/hq/025-Unova-Cap.png,pikachu-unova-cap,Pikachu
data/images/hq/025-World-Cap.png,pikachu-world-cap,Pikachu
data/images/hq/025.png,pikachu,Pikachu
data/images/hq/026-Alola.png,raichu-alola,Eevee
data/images/hq/026.png,raichu,Raichu
data/images/hq/027-Alola.png,sandshrew-alola,Dragonair
data/images/hq/027.png,sandshrew,Lopunny
data/images/hq/028-Alola.png,sandslash-alola,Glaceon
data/images/hq/028.png,sandslash,Torchic
data/images/hq/029.png,nidoran-f,Lickitung
data/images/hq/030.png,nidorina,Lugia
data/images/hq/031.png,nidoqueen,Blastoise
data/images/hq/032.png,nidoran-m,Gligar
data/images/hq/033.png,nidorino,Tyranitar
data/images/hq/034.png,nidoking,Gengar
data/images/hq/035.png,clefairy,Clefairy
data/images/hq/036.png,clefable,Clefairy
data/images/hq/037-Alola.png,vulpix-alola,Nidoran♀
data/images/hq/037.png,vulpix,Ledyba
data/images/hq/038-Alola.png,ninetales-alola,Mismagius
data/images/hq/038.png,ninetales,Gardevoir
data/images/hq/039.png,jigglypuff,Jigglypuff
data/images/hq/040.png,wigglytuff,Clefairy
data/images/hq/041.png,zubat,Gligar
data/images/hq/042.png,golbat,Dragonite
data/images/hq/043.png,oddish,Oddish
data/images/hq/044.png,gloom,Gulpin
data/images/hq/045.png,vileplume,Abra
data/images/hq/046.png,paras,Krabby
data/images/hq/047.png,parasect,Heracross
data/images/hq/048.png,venonat,Golbat
data/images/hq/049.png,venomoth,Butterfree
data/images/hq/050-Alola.png,diglett-alola,Golem
data/images/hq/050.png,diglett,Golem
data/images/hq/051-Alola.png,dugtrio-alola,Growlithe
data/images/hq/051.png,dugtrio,Diglett
data/images/hq/052-Alola.png,meowth-alola,Luxray
data/images/hq/052-Galar.png,meowth-galar,Gengar
data/images/hq/052-Gmax.png,meowth-gmax,Pikachu
data/images/hq/052.png,meowth,Meowth
data/images/hq/053-Alola.png,persian-alola,Gligar
data/images/hq/053.png,persian,Ligeria
data/images/hq/054.png,psyduck,Psyduck
data/images/hq/055.png,golduck,Gyarados
data/images/hq/056.png,mankey,Mewtwo
data/images/hq/057.png,primeape,Pikachu
data/images/hq/058-Hisui.png,growlithe-hisui,Torchic
data/images/hq/058.png,growlithe,Vulpix
data/images/hq/059-Hisui.png,arcanine-hisui,Luxray
data/images/hq/059.png,arcanine,Luxray
data/images/hq/060.png,poliwag,Snorlax
data/images/hq/061.png,poliwhirl,Koffing
data/images/hq/062.png,poliwrath,Kirlia
data/images/hq/063.png,abra,Pikachu
data/images/hq/064.png,kadabra,Tyranitar
data/images/hq/065-Mega.png,alakazam-mega,Alakazam
data/images/hq/065.png,alakazam,Zoroark
data/images/hq/066.png,machop,Sandslash
data/images/hq/067.png,machoke,Tyranitar
data/images/hq/068-Gmax.png,machamp-gmax,Greninja
data/images/hq/068.png,machamp,Steelix
data/images/hq/069.png,bellsprout,Chikorita
data/images/hq/070.png,weepinbell,Squirtle
data/images/hq/071.png,victreebel,Bellsprout
data/images/hq/072.png,tentacool,Snorlax
data/images/hq/073.png,tentacruel,Squirtle
data/images/hq/074-Alola.png,geodude-alola,Garchomp
data/images/hq/074.png,geodude,Hitmontop
data/images/hq/075-Alola.png,graveler-alola,Garchomp
data/images/hq/075.png,graveler,Gastly
data/images/hq/076-Alola.png,golem-alola,Garchomp
data/images/hq/076.png,golem,Torterra
data/images/hq/077-Galar.png,ponyta-galar,Mismagius
data/images/hq/077.png,ponyta,Rapidash
data/images/hq/078-Galar.png,rapidash-galar,Unicorn
data/images/hq/078.png,rapidash,Rapidash
data/images/hq/079-Galar.png,slowpoke-galar,Jigglypuff
data/images/hq/079.png,slowpoke,Slowpoke
data/images/hq/080-Galar.png,slowbro-galar,Slowbro
data/images/hq/080-Mega.png,slowbro-mega,Gengar
data/images/hq/080.png,slowbro,Slowbro
data/images/hq/081.png,magnemite,Magnemite
data/images/hq/082.png,magneton,Magnemite
data/images/hq/083-Galar.png,farfetchd-galar,Pidgeotto
data/images/hq/083.png,farfetchd,Ducklett
data/images/hq/084.png,doduo,Kirby
data/images/hq/085.png,dodrio,Kakuna
data/images/hq/086.png,seel,Seel
data/images/hq/087.png,dewgong,Golbat
data/images/hq/088-Alola.png,grimer-alola,Sliggoo
data/images/hq/088.png,grimer,Gengar
data/images/hq/089-Alola.png,muk-alola,Gengar
data/images/hq/089.png,muk,Gengar
data/images/hq/090.png,shellder,Hitmontop
data/images/hq/091.png,cloyster,Gengar
data/images/hq/092.png,gastly,Gengar
data/images/hq/093.png,haunter,Gengar
data/images/hq/094-Gmax.png,gengar-gmax,Gengar
data/images/hq/094-Mega.png,gengar-mega,Houndoom
data/images/hq/094.png,gengar,Gengar
data/images/hq/095.png,onix,Gyarados
data/images/hq/096.png,drowzee,Togepi
data/images/hq/097.png,hypno,Persian
data/images/hq/098.png,krabby,Krabby
data/images/hq/099-Gmax.png,kingler-gmax,Gengar
data/images/hq/099.png,kingler,Charmander
data/images/hq/100-Hisui.png,voltorb-hisui,Litleo
data/images/hq/100.png,voltorb,Clefairy
data/images/hq/101-Hisui.png,electrode-hisui,Hitmontop
data/images/hq/101.png,electrode,Gengar
data/images/hq/102.png,exeggcute,Gengar
data/images/hq/103-Alola.png,exeggutor-alola,Sandslash
data/images/hq/103.png,exeggutor,Exeggutor
data/images/hq/104.png,cubone,Gengar
data/images/hq/105-Alola.png,marowak-alola,Garchomp
data/images/hq/105.png,marowak,Garchomp
data/images/hq/106.png,hitmonlee,Golbat
data/images/hq/107.png,hitmonchan,Hitmontop
data/images/hq/108.png,lickitung,Jigglypuff
data/images/hq/109.png,koffing,Toxicroak
data/images/hq/110-Galar.png,weezing-galar,Greninja
data/images/hq/110.png,weezing,Gengar
data/images/hq/111.png,rhyhorn,Garchomp
data/images/hq/112.png,rhydon,Garchomp
data/images/hq/113.png,chansey,Clefairy
data/images/hq/114.png,tangela,Kirlia
data/images/hq/115-Mega.png,kangaskhan-mega,Lickitung
data/images/hq/115.png,kangaskhan,Donphan
data/images/hq/116.png,horsea,Seadra
data/images/hq/117.png,seadra,Seaking
data/images/hq/118.png,goldeen,Gengar
data/images/hq/119.png,seaking,Butterfree
data/images/hq/120.png,staryu,Solaris
data/images/hq/121.png,starmie,Solaris
data/images/hq/122-Galar.png,mr-mime-galar,Weavile
data/images/hq/122.png,mr-mime,Hitmonlee
data/images/hq/123.png,scyther,Togekiss
data/images/hq/124.png,jynx,Gengar
data/images/hq/125.png,electabuzz,Tiggy
data/images/hq/126.png,magmar,Charizard
data/images/hq/127-Mega.png,pinsir-mega,Gyarados
data/images/hq/127.png,pinsir,Crawdaunt
data/images/hq/128.png,tauros,Taureau
data/images/hq/129.png,magikarp,Magikarp
data/images/hq/130-Mega.png,gyarados-mega,Charizard
data/images/hq/130.png,gyarados,Seaking
data/images/hq/131-Gmax.png,lapras-gmax,Swan
data/images/hq/131.png,lapras,Snorlax
data/images/hq/132.png,ditto,Clefairy
data/images/hq/133-Gmax.png,eevee-gmax,Eevee
data/images/hq/133-Starter.png,eevee-starter,Eevee
data/images/hq/133.png,eevee,Eevee
data/images/hq/134.png,vaporeon,Seaking
data/images/hq/135.png,jolteon,Jolteon
data/images/hq/136.png,flareon,Eevee
data/images/hq/137.png,porygon,Unown
data/images/hq/138.png,omanyte,Shellder
data/images/hq/139.png,omastar,Octillery
data/images/hq/140.png,kabuto,Krabby
data/images/hq/141.png,kabutops,Scizor
data/images/hq/142-Mega.png,aerodactyl-mega,Garchomp
data/images/hq/142.png,aerodactyl,Dragonite
data/images/hq/143-Gmax.png,snorlax-gmax,Greninja
data/images/hq/143.png,snorlax,Snorlax
data/images/hq/144-Galar.png,articuno-galar,Ho-Oh
data/images/hq/144.png,articuno,Ho-oh
data/images/hq/145-Galar.png,zapdos-galar,Torchic
data/images/hq/145.png,zapdos,Lugia
data/images/hq/146-Galar.png,moltres-galar,Charizard
data/images/hq/146.png,moltres,Charizard
data/images/hq/147.png,dratini,Snorlax
data/images/hq/148.png,dragonair,Lugia
data/images/hq/149.png,dragonite,Charizard
data/images/hq/150-Mega-X.png,mewtwo-mega-x,Lucario
data/images/hq/150-Mega-Y.png,mewtwo-mega-y,Mewtwo
data/images/hq/150.png,mewtwo,Mewtwo
data/images/hq/151.png,mew,Mew
data/images/hq/152.png,chikorita,Chikorita
data/images/hq/153.png,bayleef,Chikorita
data/images/hq/154.png,meganium,Bellossom
data/images/hq/155.png,cyndaquil,Charmander
data/images/hq/156.png,quilava,Charizard
data/images/hq/157-Hisui.png,typhlosion-hisui,Gengar
data/images/hq/157.png,typhlosion,Arcanine
data/images/hq/158.png,totodile,Seadra
data/images/hq/159.png,croconaw,Tyranitar
data/images/hq/160.png,feraligatr,Greninja
data/images/hq/161.png,sentret,Stantler
data/images/hq/162.png,furret,Linoone
data/images/hq/163.png,hoothoot,Owl
data/images/hq/164.png,noctowl,Ho-Oh
data/images/hq/165.png,ledyba,Golbat
data/images/hq/166.png,ledian,Beedrill
data/images/hq/167.png,spinarak,Ariados
data/images/hq/168.png,ariados,Scizor
data/images/hq/169.png,crobat,Gligar
data/images/hq/170.png,chinchou,Pikachu
data/images/hq/171.png,lanturn,Staryu
data/images/hq/172.png,pichu,Pikachu
data/images/hq/173.png,cleffa,Clefairy
data/images/hq/174.png,igglybuff,Cleffa
data/images/hq/175.png,togepi,Togepi
data/images/hq/176.png,togetic,Liepard
data/images/hq/177.png,natu,Chikorita
data/images/hq/178.png,xatu,Pikachu
data/images/hq/179.png,mareep,Sheep
data/images/hq/180.png,flaaffy,Wooloo
data/images/hq/181-Mega.png,ampharos-mega,Hitmontop
data/images/hq/181.png,ampharos,Pikachu
data/images/hq/182.png,bellossom,Bellossom
data/images/hq/183.png,marill,Marill
data/images/hq/184.png,azumarill,Marill
data/images/hq/185.png,sudowoodo,Snorlax
data/images/hq/186.png,politoed,Turtwig
data/images/hq/187.png,hoppip,Jigglypuff
data/images/hq/188.png,skiploom,Bellossom
data/images/hq/189.png,jumpluff,Clefairy
data/images/hq/190.png,aipom,Purpleon
data/images/hq/191.png,sunkern,Chikorita
data/images/hq/192.png,sunflora,Sunflora
data/images/hq/193.png,yanma,Kadabra
data/images/hq/194.png,wooper,Squirtle
data/images/hq/195.png,quagsire,Golbat
data/images/hq/196.png,espeon,Espeon
data/images/hq/197.png,umbreon,Umbreon
data/images/hq/198.png,murkrow,Crobat
data/images/hq/199-Galar.png,slowking-galar,Gligar
data/images/hq/199.png,slowking,Dragonite
data/images/hq/200.png,misdreavus,Gloom
data/images/hq/201.png,unown,Kirlia
data/images/hq/202.png,wobbuffet,Gengar
data/images/hq/203.png,girafarig,Girafarig
data/images/hq/204.png,pineco,Gengar
data/images/hq/205.png,forretress,Gengar
data/images/hq/206.png,dunsparce,Seaking
data/images/hq/207.png,gligar,Gengar
data/images/hq/208-Mega.png,steelix-mega,Garchomp
data/images/hq/208.png,steelix,Garchomp
data/images/hq/209.png,snubbull,Gligar
data/images/hq/210.png,granbull,Hitmontop
data/images/hq/211-Hisui.png,qwilfish-hisui,Gengar
data/images/hq/211.png,qwilfish,Golbat
data/images/hq/212-Mega.png,scizor-mega,Garchomp
data/images/hq/212.png,scizor,Latias
data/images/hq/213.png,shuckle,Kabuto
data/images/hq/214-Mega.png,heracross-mega,Garchomp
data/images/hq/214.png,heracross,Sharpedo
data/images/hq/215-Hisui.png,sneasel-hisui,Gligar
data/images/hq/215.png,sneasel,Gligar
data/images/hq/216.png,teddiursa,Teddiursa
data/images/hq/217.png,ursaring,Beartic
data/images/hq/218.png,slugma,Charmander
data/images/hq/219.png,magcargo,Charmander
data/images/hq/220.png,swinub,Shroomish
data/images/hq/221.png,piloswine,Growlithe
data/images/hq/222-Galar.png,corsola-galar,Gastly
data/images/hq/222.png,corsola,Goldeen
data/images/hq/223.png,remoraid,Seaking
data/images/hq/224.png,octillery,Charmander
data/images/hq/225.png,delibird,Talonflame
data/images/hq/226.png,mantine,Golbat
data/images/hq/227.png,skarmory,Garchomp
data/images/hq/228.png,houndour,Growlithe
data/images/hq/229-Mega.png,houndoom-mega,Garchomp
data/images/hq/229.png,houndoom,Houndoom
data/images/hq/230.png,kingdra,Seaking
data/images/hq/231.png,phanpy,Clefairy
data/images/hq/232.png,donphan,Blastoise
data/images/hq/233.png,porygon2,Porygon
data/images/hq/234.png,stantler,Stagiaire
data/images/hq/235.png,smeargle,Mime Jr.
data/images/hq/236.png,tyrogue,Mewtwo
data/images/hq/237.png,hitmontop,Golbat
data/images/hq/238.png,smoochum,Piggy
data/images/hq/239.png,elekid,Beedrill
data/images/hq/240.png,magby,Lickitung
data/images/hq/241.png,miltank,Jigglypuff
data/images/hq/242.png,blissey,Kirby
data/images/hq/243.png,raikou,Tyranitar
data/images/hq/244.png,entei,Tyranitar
data/images/hq/245.png,suicune,Lucario
data/images/hq/246.png,larvitar,Gligar
data/images/hq/247.png,pupitar,Gengar
data/images/hq/248-Mega.png,tyranitar-mega,Gengar
data/images/hq/248.png,tyranitar,Seaking
data/images/hq/249.png,lugia,Lugia
data/images/hq/250.png,ho-oh,Moltres
data/images/hq/251.png,celebi,Lunatone
data/images/hq/252.png,treecko,Turtwig
data/images/hq/253.png,grovyle,Bellsprout
data/images/hq/254-Mega.png,sceptile-mega,Sceptile
data/images/hq/254.png,sceptile,Bulbasaur
data/images/hq/255.png,torchic,Torchic
data/images/hq/256.png,combusken,Torchic
data/images/hq/257-Mega.png,blaziken-mega,Charizard
data/images/hq/257.png,blaziken,Charizard
data/images/hq/258.png,mudkip,Lunatone
data/images/hq/259.png,marshtomp,Squirtle
data/images/hq/260-Mega.png,swampert-mega,Garchomp
data/images/hq/260.png,swampert,Dragonite
data/images/hq/261.png,poochyena,Larvitar
data/images/hq/262.png,mightyena,Lugia
data/images/hq/263-Galar.png,zigzagoon-galar,Gengar
data/images/hq/263.png,zigzagoon,Quilava
data/images/hq/264-Galar.png,linoone-galar,Garchomp
data/images/hq/264.png,linoone,Garchomp
data/images/hq/265.png,wurmple,Garchomp
data/images/hq/266.png,silcoon,Golbat
data/images/hq/267.png,beautifly,Butterfree
data/images/hq/268.png,cascoon,Goldeen
data/images/hq/269.png,dustox,Butterfree
data/images/hq/270.png,lotad,Turtwig
data/images/hq/271.png,lombre,Bulbasaur
data/images/hq/272.png,ludicolo,Bulbasaur
data/images/hq/273.png,seedot,Klink
data/images/hq/274.png,nuzleaf,Rhinox
data/images/hq/275.png,shiftry,Sceptile
data/images/hq/276.png,taillow,Swablu
data/images/hq/277.png,swellow,Pidgeotto
data/images/hq/278.png,wingull,Latias
data/images/hq/279.png,pelipper,Starly
data/images/hq/280.png,ralts,Bellossom
data/images/hq/281.png,kirlia,Kirlia
data/images/hq/282-Mega.png,gardevoir-mega,Greninja
data/images/hq/282.png,gardevoir,Gengar
data/images/hq/283.png,surskit,Snorlax
data/images/hq/284.png,masquerain,Articuno
data/images/hq/285.png,shroomish,Lickitung
data/images/hq/286.png,breloom,Bulbasaur
data/images/hq/287.png,slakoth,Snorlax
data/images/hq/288.png,vigoroth,Lugia
data/images/hq/289.png,slaking,Abomasnow
data/images/hq/290.png,nincada,Kecleon
data/images/hq/291.png,ninjask,Beedrill
data/images/hq/292.png,shedinja,Lugia
data/images/hq/293.png,whismur,Cleffa
data/images/hq/294.png,loudred,Gengar
data/images/hq/295.png,exploud,Garchomp
data/images/hq/296.png,makuhita,Lickitung
data/images/hq/297.png,hariyama,Hitmontop
data/images/hq/298.png,azurill,Jigglypuff
data/images/hq/299.png,nosepass,Latias
data/images/hq/300.png,skitty,Snorlax
data/images/hq/301.png,delcatty,Espeon
data/images/hq/302-Mega.png,sableye-mega,Gengar
data/images/hq/302.png,sableye,Gligar
data/images/hq/303-Mega.png,mawile-mega,Garchomp
data/images/hq/303.png,mawile,Gengar
data/images/hq/304.png,aron,Lunatone
data/images/hq/305.png,lairon,Garchomp
data/images/hq/306-Mega.png,aggron-mega,Garchomp
data/images/hq/306.png,aggron,Steelix
data/images/hq/307.png,meditite,Golbat
data/images/hq/308-Mega.png,medicham-mega,Gardevoir
data/images/hq/308.png,medicham,Jigglypuff
data/images/hq/309.png,electrike,Gligar
data/images/hq/310-Mega.png,manectric-mega,Zoroark
data/images/hq/310.png,manectric,Garchomp
data/images/hq/311.png,plusle,Pichu
data/images/hq/312.png,minun,Pikachu
data/images/hq/313.png,volbeat,Gengar
data/images/hq/314.png,illumise,Xerneas
data/images/hq/315.png,roselia,Bellossom
data/images/hq/316.png,gulpin,Turtwig
data/images/hq/317.png,swalot,Gengar
data/images/hq/318.png,carvanha,Gyarados
data/images/hq/319-Mega.png,sharpedo-mega,Garchomp
data/images/hq/319.png,sharpedo,Gyarados
data/images/hq/320.png,wailmer,Shellder
data/images/hq/321.png,wailord,Seadra
data/images/hq/322.png,numel,Totodile
data/images/hq/323-Mega.png,camerupt-mega,Talonflame
data/images/hq/323.png,camerupt,Donphan
data/images/hq/324.png,torkoal,Torterra
data/images/hq/325.png,spoink,Clefairy
data/images/hq/326.png,grumpig,Piggy
data/images/hq/327.png,spinda,Liepard
data/images/hq/328.png,trapinch,Cubone
data/images/hq/329.png,vibrava,Kirlia
data/images/hq/330.png,flygon,Dragonite
data/images/hq/331.png,cacnea,Bulbasaur
data/images/hq/332.png,cacturne,Bulbasaur
data/images/hq/333.png,swablu,Pidgey
data/images/hq/334-Mega.png,altaria-mega,Dragonair
data/images/hq/334.png,altaria,Golbat
data/images/hq/335.png,zangoose,Gengar
data/images/hq/336.png,seviper,Hydreigon
data/images/hq/337.png,lunatone,Lunatone
data/images/hq/338.png,solrock,Solaris
data/images/hq/339.png,barboach,Goldeen
data/images/hq/340.png,whiscash,Kabuto
data/images/hq/341.png,corphish,Crabrawler
data/images/hq/342.png,crawdaunt,Staraptor
data/images/hq/343.png,baltoy,Kirlia
data/images/hq/344.png,claydol,Gengar
data/images/hq/345.png,lileep,Jigglypuff
data/images/hq/346.png,cradily,Kirlia
data/images/hq/347.png,anorith,Kabuto
data/images/hq/348.png,armaldo,Tyranitar
data/images/hq/349.png,feebas,Starmie
data/images/hq/350.png,milotic,Girafarig
data/images/hq/351-Rainy.png,castform-rainy,Piplup
data/images/hq/351-Snowy.png,castform-snowy,Castform
data/images/hq/351-Sunny.png,castform-sunny,Sunflora
data/images/hq/351.png,castform,Gastly
data/images/hq/352.png,kecleon,Charmander
data/images/hq/353.png,shuppet,Golbat
data/images/hq/354-Mega.png,banette-mega,Gengar
data/images/hq/354.png,banette,Mismagius
data/images/hq/355.png,duskull,Gastly
data/images/hq/356.png,dusclops,Lickitung
data/images/hq/357.png,tropius,Sceptile
data/images/hq/358.png,chimecho,Jigglypuff
data/images/hq/359-Mega.png,absol-mega,Giratina
data/images/hq/359.png,absol,Absol
data/images/hq/360.png,wynaut,Mime
data/images/hq/361.png,snorunt,Aipom
data/images/hq/362-Mega.png,glalie-mega,Garchomp
data/images/hq/362.png,glalie,Gengar
data/images/hq/363.png,spheal,Seaking
data/images/hq/364.png,sealeo,Seaking
data/images/hq/365.png,walrein,Seel
data/images/hq/366.png,clamperl,Jigglypuff
data/images/hq/367.png,huntail,Seadra
data/images/hq/368.png,gorebyss,Snorlax
data/images/hq/369.png,relicanth,Gyarados
data/images/hq/370.png,luvdisc,Jigglypuff
data/images/hq/371.png,bagon,Squirtle
data/images/hq/372.png,shelgon,Mismagius
data/images/hq/373-Mega.png,salamence-mega,Garchomp
data/images/hq/373.png,salamence,Latios
data/images/hq/374.png,beldum,Gyarados
data/images/hq/375.png,metang,Krabby
data/images/hq/376-Mega.png,metagross-mega,Garchomp
data/images/hq/376.png,metagross,Gengar
data/images/hq/377.png,regirock,Gengar
data/images/hq/378.png,regice,Lapras
data/images/hq/379.png,registeel,Metagross
data/images/hq/380-Mega.png,latias-mega,Gengar
data/images/hq/380.png,latias,Dragonite
data/images/hq/381-Mega.png,latios-mega,Gyarados
data/images/hq/381.png,latios,Latias
data/images/hq/382-Primal.png,kyogre-primal,Darkrai
data/images/hq/382.png,kyogre,Gyarados
data/images/hq/383-Primal.png,groudon-primal,Garchomp
data/images/hq/383.png,groudon,Tyranitar
data/images/hq/384-Mega.png,rayquaza-mega,Greninja
data/images/hq/384.png,rayquaza,Rayquaza
data/images/hq/385.png,jirachi,Lunatone
data/images/hq/386-Attack.png,deoxys-normal-attack,Greninja
data/images/hq/386-Defense.png,deoxys-normal-defense,Shedinja
data/images/hq/386-Speed.png,deoxys-normal-speed,Latias
data/images/hq/386.png,deoxys-normal,Heatmor
data/images/hq/387.png,turtwig,Turtwig
data/images/hq/388.png,grotle,Turtwig
data/images/hq/389.png,torterra,Arbok
data/images/hq/390.png,chimchar,Chimchar
data/images/hq/391.png,monferno,Primeape
data/images/hq/392.png,infernape,Torchic
data/images/hq/393.png,piplup,Piplup
data/images/hq/394.png,prinplup,Noctowl
data/images/hq/395.png,empoleon,Darkrai
data/images/hq/396.png,starly,Pidove
data/images/hq/397.png,staravia,Pidgey
data/images/hq/398.png,staraptor,Honchkrow
data/images/hq/399.png,bidoof,Diglett
data/images/hq/400.png,bibarel,Marill
data/images/hq/401.png,kricketot,Arcanine
data/images/hq/402.png,kricketune,Beedrill
data/images/hq/403.png,shinx,Litten
data/images/hq/404.png,luxio,Luxray
data/images/hq/405.png,luxray,Luxray
data/images/hq/406.png,budew,Chikorita
data/images/hq/407.png,roserade,Greninja
data/images/hq/408.png,cranidos,Gligar
data/images/hq/409.png,rampardos,Tyranitar
data/images/hq/410.png,shieldon,Lickitung
data/images/hq/411.png,bastiodon,Tyranitar
data/images/hq/412-Sandy.png,burmy-sandy,Koffing
data/images/hq/412-Trash.png,burmy-trash,Gloom
data/images/hq/412.png,burmy,Bulbasaur
data/images/hq/413-Sandy.png,wormadam-plant-sandy,Pikachu
data/images/hq/413-Trash.png,wormadam-plant-trash,Gengar
data/images/hq/413.png,wormadam-plant,Bellossom
data/images/hq/414.png,mothim,Butterfree
data/images/hq/415.png,combee,Beedrill
data/images/hq/416.png,vespiquen,Beedrill
data/images/hq/417.png,pachirisu,Sneasel
data/images/hq/418.png,buizel,Arcanine
data/images/hq/419.png,floatzel,Arcanine
data/images/hq/420.png,cherubi,Cherrim
data/images/hq/421-Sunshine.png,cherrim-sunshine,Florges
data/images/hq/421.png,cherrim,Aegislash
data/images/hq/422-East.png,shellos-east,Seaking
data/images/hq/422-West.png,shellos-west,Lickitung
data/images/hq/422.png,shellos,Shellder
data/images/hq/423-East.png,gastrodon-east,Seadra
data/images/hq/423-West.png,gastrodon-west,Lickitung
data/images/hq/423.png,gastrodon,Seaking
data/images/hq/424.png,ambipom,Sableye
data/images/hq/425.png,drifloon,Gloom
data/images/hq/426.png,drifblim,Gengar
data/images/hq/427.png,buneary,Pikachu
data/images/hq/428-Mega.png,lopunny-mega,Greninja
data/images/hq/428.png,lopunny,Luxray
data/images/hq/429.png,mismagius,Gengar
data/images/hq/430.png,honchkrow,Toucannon
data/images/hq/431.png,glameow,Mew
data/images/hq/432.png,purugly,Liepard
data/images/hq/433.png,chingling,Pikachu
data/images/hq/434.png,stunky,Noctowl
data/images/hq/435.png,skuntank,Shuppet
data/images/hq/436.png,bronzor,Lapras
data/images/hq/437.png,bronzong,Kirlia
data/images/hq/438.png,bonsly,Turtwig
data/images/hq/439.png,mime-jr,Jigglypuff
data/images/hq/440.png,happiny,Clefairy
data/images/hq/441.png,chatot,Pidgey
data/images/hq/442.png,spiritomb,Greninja
data/images/hq/443.png,gible,Sharpedo
data/images/hq/444.png,gabite,Gyarados
data/images/hq/445-Mega.png,garchomp-mega,Garchomp
data/images/hq/445.png,garchomp,Tyranitar
data/images/hq/446.png,munchlax,Gligar
data/images/hq/447.png,riolu,Lucario
data/images/hq/448-Mega.png,lucario-mega,Darkrai
data/images/hq/448.png,lucario,Luxray
data/images/hq/449.png,hippopotas,Lickitung
data/images/hq/450.png,hippowdon,Tyranitar
data/images/hq/451.png,skorupi,Crawdaunt
data/images/hq/452.png,drapion,Garchomp
data/images/hq/453.png,croagunk,Frogadier
data/images/hq/454.png,toxicroak,Gyarados
data/images/hq/455.png,carnivine,Bellsprout
data/images/hq/456.png,finneon,Lunatone
data/images/hq/457.png,lumineon,Gengar
data/images/hq/458.png,mantyke,Snorlax
data/images/hq/459.png,snover,Cryogonal
data/images/hq/460-Mega.png,abomasnow-mega,Abomasnow
data/images/hq/460.png,abomasnow,Abomasnow
data/images/hq/461.png,weavile,Houndoom
data/images/hq/462.png,magnezone,Kabuto
data/images/hq/463.png,lickilicky,Chansey
data/images/hq/464.png,rhyperior,Onix
data/images/hq/465.png,tangrowth,Gloom
data/images/hq/466.png,electivire,Tyranitar
data/images/hq/467.png,magmortar,Charizard
data/images/hq/468.png,togekiss,Lugia
data/images/hq/469.png,yanmega,Beedrill
data/images/hq/470.png,leafeon,Leafeon
data/images/hq/471.png,glaceon,Espeon
data/images/hq/472.png,gliscor,Gengar
data/images/hq/473.png,mamoswine,Mamoswine
data/images/hq/474.png,porygon-z,Mismagius
data/images/hq/475-Mega.png,gallade-mega,Greninja
data/images/hq/475.png,gallade,Bellsprout
data/images/hq/476.png,probopass,Gengar
data/images/hq/477.png,dusknoir,Gengar
data/images/hq/478.png,froslass,Lunatone
data/images/hq/479-Fan.png,rotom-fan,Jolteon
data/images/hq/479-Frost.png,rotom-frost,Gengar
data/images/hq/479-Heat.png,rotom-heat,Hitmontop
data/images/hq/479-Mow.png,rotom-mow,Koffing
data/images/hq/479-Wash.png,rotom-wash,Litten
data/images/hq/479.png,rotom,Raichu
data/images/hq/480.png,uxie,Lugia
data/images/hq/481.png,mesprit,Jigglypuff
data/images/hq/482.png,azelf,Mismagius
data/images/hq/483-Origin.png,dialga-origin,Garchomp
data/images/hq/483.png,dialga,Lugia
data/images/hq/484-Origin.png,palkia-origin,Mismagius
data/images/hq/484.png,palkia,Dragonite
data/images/hq/485.png,heatran,Garchomp
data/images/hq/486.png,regigigas,Metagross
data/images/hq/487-Origin.png,giratina-altered-origin,Garchomp
data/images/hq/487.png,giratina-altered,Garchomp
data/images/hq/488.png,cresselia,Starmie
data/images/hq/489.png,phione,Snorlax
data/images/hq/490.png,manaphy,Marill
data/images/hq/491.png,darkrai,Garchomp
data/images/hq/492-Sky.png,shaymin-land-sky,Turtwig
data/images/hq/492.png,shaymin-land,Bellossom
data/images/hq/493.png,arceus,Lugia
data/images/hq/494.png,victini,Munna
data/images/hq/495.png,snivy,Seaking
data/images/hq/496.png,servine,Snorlax
data/images/hq/497.png,serperior,Sliggoo
data/images/hq/498.png,tepig,Snorlax
data/images/hq/499.png,pignite,Lickitung
data/images/hq/500.png,emboar,Charizard
data/images/hq/501.png,oshawott,Seel
data/images/hq/502.png,dewott,Gengar
data/images/hq/503-Hisui.png,samurott-hisui,Darkrai
data/images/hq/503.png,samurott,Garchomp
data/images/hq/504.png,patrat,Pignite
data/images/hq/505.png,watchog,Taillow
data/images/hq/506.png,lillipup,Flareon
data/images/hq/507.png,herdier,Lugia
data/images/hq/508.png,stoutland,Lugia
data/images/hq/509.png,purrloin,Glaceon
data/images/hq/510.png,liepard,Umbreon
data/images/hq/511.png,pansage,Bellossom
data/images/hq/512.png,simisage,Bellossom
data/images/hq/513.png,pansear,Tepig
data/images/hq/514.png,simisear,Chimchar
data/images/hq/515.png,panpour,Primeape
data/images/hq/516.png,simipour,Primeape
data/images/hq/517.png,munna,Clefairy
data/images/hq/518.png,musharna,Jigglypuff
data/images/hq/519.png,pidove,Pidgey
data/images/hq/520.png,tranquill,Pidgey
data/images/hq/521.png,unfezant,Pidgeotto
data/images/hq/522.png,blitzle,Zoroark
data/images/hq/523.png,zebstrika,Zebstrika
data/images/hq/524.png,roggenrola,Lapras
data/images/hq/525.png,boldore,Garchomp
data/images/hq/526.png,gigalith,Tyranitar
data/images/hq/527.png,woobat,Igglybuff
data/images/hq/528.png,swoobat,Golbat
data/images/hq/529.png,drilbur,Gligar
data/images/hq/530.png,excadrill,Darkrai
data/images/hq/531-Mega.png,audino-mega,Liepard
data/images/hq/531.png,audino,Jigglypuff
data/images/hq/532.png,timburr,Jigglypuff
data/images/hq/533.png,gurdurr,Jigglypuff
data/images/hq/534.png,conkeldurr,Gengar
data/images/hq/535.png,tympole,Staryu
data/images/hq/536.png,palpitoad,Weavile
data/images/hq/537.png,seismitoad,Greninja
data/images/hq/538.png,throh,Hitmontop
data/images/hq/539.png,sawk,Lucario
data/images/hq/540.png,sewaddle,Chikorita
data/images/hq/541.png,swadloon,Turtwig
data/images/hq/542.png,leavanny,Bellossom
data/images/hq/543.png,venipede,Hitmontop
data/images/hq/544.png,whirlipede,Latias
data/images/hq/545.png,scolipede,Tyranitar
data/images/hq/546.png,cottonee,Castform
data/images/hq/547.png,whimsicott,Sheep
data/images/hq/548.png,petilil,Chikorita
data/images/hq/549-Hisui.png,lilligant-hisui,Bellossom
data/images/hq/549.png,lilligant,Bellossom
data/images/hq/550-Blue-Striped.png,basculin-red-striped-blue-striped,Seaking
data/images/hq/550-Red-Striped.png,basculin-red-striped-red-striped,Tentacruel
data/images/hq/550-White-Striped.png,basculin-red-striped-white-striped,Goldeen
data/images/hq/550.png,basculin-red-striped,Seaking
data/images/hq/551.png,sandile,Snorlax
data/images/hq/552.png,krokorok,Krookodile
data/images/hq/553.png,krookodile,Tyranitar
data/images/hq/554-Galar.png,darumaka-galar,Jigglypuff
data/images/hq/554.png,darumaka,Gengar
data/images/hq/555-Galar-Standard.png,darmanitan-standard-galar-standard,Seel
data/images/hq/555-Galar-Zen.png,darmanitan-standard-galar-zen,Torkoal
data/images/hq/555-Zen.png,darmanitan-standard-zen,Blastoise
data/images/hq/555.png,darmanitan-standard,Arcanine
data/images/hq/556.png,maractus,Bellossom
data/images/hq/557.png,dwebble,Onix
data/images/hq/558.png,crustle,Krabby
data/images/hq/559.png,scraggy,Pikachu
data/images/hq/560.png,scrafty,Larvitar
data/images/hq/561.png,sigilyph,Articuno
data/images/hq/562-Galar.png,yamask-galar,Gengar
data/images/hq/562.png,yamask,Gengar
data/images/hq/563.png,cofagrigus,Gengar
data/images/hq/564.png,tirtouga,Golbat
data/images/hq/565.png,carracosta,Blastoise
data/images/hq/566.png,archen,Charizard
data/images/hq/567.png,archeops,Moltres
data/images/hq/568.png,trubbish,Sharpedo
data/images/hq/569-Gmax.png,garbodor-gmax,Gengar
data/images/hq/569.png,garbodor,Gloom
data/images/hq/570-Hisui.png,zorua-hisui,Litten
data/images/hq/570.png,zorua,Umbreon
data/images/hq/571-Hisui.png,zoroark-hisui,Greninja
data/images/hq/571.png,zoroark,Houndoom
data/images/hq/572.png,minccino,Liepard
data/images/hq/573.png,cinccino,Liepard
data/images/hq/574.png,gothita,Porygon2
data/images/hq/575.png,gothorita,Mismagius
data/images/hq/576.png,gothitelle,Gengar
data/images/hq/577.png,solosis,Clefairy
data/images/hq/578.png,duosion,Gastly
data/images/hq/579.png,reuniclus,Bulbasaur
data/images/hq/580.png,ducklett,Ducklett
data/images/hq/581.png,swanna,Swanna
data/images/hq/582.png,vanillite,Castform
data/images/hq/583.png,vanillish,Froslass
data/images/hq/584.png,vanilluxe,Castform
data/images/hq/585-Autumn.png,deerling-autumn,Snorlax
data/images/hq/585-Summer.png,deerling-summer,Sawsbuck
data/images/hq/585-Winter.png,deerling-winter,Eevee
data/images/hq/585.png,deerling,Ponyta
data/images/hq/586-Autumn.png,sawsbuck-autumn,Stantler
data/images/hq/586-Summer.png,sawsbuck-summer,Stantler
data/images/hq/586-Winter.png,sawsbuck-winter,Stantler
data/images/hq/586.png,sawsbuck,Sneasel
data/images/hq/587.png,emolga,Pikachu
data/images/hq/588.png,karrablast,Lanturn
data/images/hq/589.png,escavalier,Hitmontop
data/images/hq/590.png,foongus,Parasect
data/images/hq/591.png,amoonguss,Musharna
data/images/hq/592.png,frillish,Aegislash
data/images/hq/593.png,jellicent,Jigglypuff
data/images/hq/594.png,alomomola,Jigglypuff
data/images/hq/595.png,joltik,Sunflora
data/images/hq/596.png,galvantula,Lugia
data/images/hq/597.png,ferroseed,Kabuto
data/images/hq/598.png,ferrothorn,Golbat
data/images/hq/599.png,klink,Gear
data/images/hq/600.png,klang,Gear
data/images/hq/601.png,klinklang,Lugia
data/images/hq/602.png,tynamo,Porygon
data/images/hq/603.png,eelektrik,Goldeen
data/images/hq/604.png,eelektross,Gyarados
data/images/hq/605.png,elgyem,Lunatone
data/images/hq/606.png,beheeyem,Lickitung
data/images/hq/607.png,litwick,Cryogonal
data/images/hq/608.png,lampent,Gengar
data/images/hq/609.png,chandelure,Gengar
data/images/hq/610.png,axew,Turtwig
data/images/hq/611.png,fraxure,Breloom
data/images/hq/612.png,haxorus,Tyranitar
data/images/hq/613.png,cubchoo,Kirlia
data/images/hq/614.png,beartic,Weavile
data/images/hq/615.png,cryogonal,Lapras
data/images/hq/616.png,shelmet,Starmie
data/images/hq/617.png,accelgor,Greninja
data/images/hq/618-Galar.png,stunfisk-galar,Seaking
data/images/hq/618.png,stunfisk,Snorlax
data/images/hq/619.png,mienfoo,Munchlax
data/images/hq/620.png,mienshao,Gligar
data/images/hq/621.png,druddigon,Garchomp
data/images/hq/622.png,golett,Steelix
data/images/hq/623.png,golurk,Steelix
data/images/hq/624.png,pawniard,Infernape
data/images/hq/625.png,bisharp,Infernape
data/images/hq/626.png,bouffalant,Tauros
data/images/hq/627.png,rufflet,Togekiss
data/images/hq/628-Hisui.png,braviary-hisui,Garchomp
data/images/hq/628.png,braviary,Garchomp
data/images/hq/629.png,vullaby,Togepi
data/images/hq/630.png,mandibuzz,Beheyem
data/images/hq/631.png,heatmor,Arcanine
data/images/hq/632.png,durant,Gengar
data/images/hq/633.png,deino,Sharpedo
data/images/hq/634.png,zweilous,Gengar
data/images/hq/635.png,hydreigon,Hydreigon
data/images/hq/636.png,larvesta,Garchomp
data/images/hq/637.png,volcarona,Ledyba
data/images/hq/638.png,cobalion,Garchomp
data/images/hq/639.png,terrakion,Steelix
data/images/hq/640.png,virizion,Bellsprout
data/images/hq/641-Therian.png,tornadus-incarnate-therian,Garchomp
data/images/hq/641.png,tornadus-incarnate,Gengar
data/images/hq/642-Therian.png,thundurus-incarnate-therian,Greninja
data/images/hq/642.png,thundurus-incarnate,Garchomp
data/images/hq/643.png,reshiram,Gyarados
data/images/hq/644.png,zekrom,Garchomp
data/images/hq/645-Therian.png,landorus-incarnate-therian,Lopunny
data/images/hq/645.png,landorus-incarnate,Milotic
data/images/hq/646-Black.png,kyurem-black,Garchomp
data/images/hq/646-White.png,kyurem-white,Garchomp
data/images/hq/646.png,kyurem,Garchomp
data/images/hq/647-Resolute.png,keldeo-ordinary-resolute,Rapidash
data/images/hq/647.png,keldeo-ordinary,Flareon
data/images/hq/648-Pirouette.png,meloetta-aria-pirouette,Gengar
data/images/hq/648.png,meloetta-aria,Lunala
data/images/hq/649.png,genesect,Gengar
data/images/hq/650.png,chespin,Turtwig
data/images/hq/651.png,quilladin,Loudred
data/images/hq/652.png,chesnaught,Breloom
data/images/hq/653.png,fennekin,Fennekin
data/images/hq/654.png,braixen,Torchic
data/images/hq/655.png,delphox,Torchic
data/images/hq/656.png,froakie,Squirtle
data/images/hq/657.png,frogadier,Seaking
data/images/hq/658-Ash.png,greninja-ash,Infernape
data/images/hq/658.png,greninja,Garchomp
data/images/hq/659.png,bunnelby,Sneasel
data/images/hq/660.png,diggersby,Hitmontop
data/images/hq/661.png,fletchling,Pidgey
data/images/hq/662.png,fletchinder,Torchic
data/images/hq/663.png,talonflame,Moltres
data/images/hq/664.png,scatterbug,Klink
data/images/hq/665.png,spewpa,Gengar
data/images/hq/666-Archipelago.png,vivillon-archipelago,Butterfree
data/images/hq/666-Continental.png,vivillon-continental,Porygon
data/images/hq/666-Elegant.png,vivillon-elegant,Butterfree
data/images/hq/666-Fancy.png,vivillon-fancy,Butterfree
data/images/hq/666-Garden.png,vivillon-garden,Scizor
data/images/hq/666-High-Plains.png,vivillon-high-plains,Butterfree
data/images/hq/666-Icy-Snow.png,vivillon-icy-snow,Butterfree
data/images/hq/666-Jungle.png,vivillon-jungle,Butterfree
data/images/hq/666-Marine.png,vivillon-marine,Butterfree
data/images/hq/666-Meadow.png,vivillon-meadow,Butterfree
data/images/hq/666-Modern.png,vivillon-modern,Butterfree
data/images/hq/666-Monsoon.png,vivillon-monsoon,Garchomp
data/images/hq/666-Ocean.png,vivillon-ocean,Butterfree
data/images/hq/666-Poke-Ball.png,vivillon-poke-ball,Scizor
data/images/hq/666-Polar.png,vivillon-polar,Butterfree
data/images/hq/666-River.png,vivillon-river,Butterfree
data/images/hq/666-Sandstorm.png,vivillon-sandstorm,Butterfree
data/images/hq/666-Savanna.png,vivillon-savanna,Butterfree
data/images/hq/666-Sun.png,vivillon-sun,Butterfree
data/images/hq/666-Tundra.png,vivillon-tundra,Butterfree
data/images/hq/666.png,vivillon,Butterfree
data/images/hq/667.png,litleo,Purugili
data/images/hq/668.png,pyroar,Arcanine
data/images/hq/669.png,flabebe,Bellossom
data/images/hq/670-Eternal.png,floette-eternal,Pidgeotto
data/images/hq/670.png,floette,Bellossom
data/images/hq/671.png,florges,Bellossom
data/images/hq/672.png,skiddo,Tornadus
data/images/hq/673.png,gogoat,Sceptile
data/images/hq/674.png,pancham,Pangoro
data/images/hq/675.png,pangoro,Garchomp
data/images/hq/676-Diamond.png,furfrou-diamond,Sheep
data/images/hq/676-Heart.png,furfrou-heart,Sheep
data/images/hq/676-Star.png,furfrou-star,Liepard
data/images/hq/676.png,furfrou,Lugia
data/images/hq/677.png,espurr,Sheep
data/images/hq/678-Female.png,meowstic-male-female,Lucario
data/images/hq/678-Male-Female.png,meowstic-male-male-female,Lugia
data/images/hq/678.png,meowstic-male,Lugia
data/images/hq/679.png,honedge,Girafarig
data/images/hq/680.png,doublade,Gengar
data/images/hq/681-Blade.png,aegislash-shield-blade,Golbat
data/images/hq/681.png,aegislash-shield,Lugia
data/images/hq/682.png,spritzee,Girafarig
data/images/hq/683.png,aromatisse,Gengar
data/images/hq/684.png,swirlix,Castform
data/images/hq/685.png,slurpuff,Jigglypuff
data/images/hq/686.png,inkay,Jigglypuff
data/images/hq/687.png,malamar,Gengar
data/images/hq/688.png,binacle,Lanturn
data/images/hq/689.png,barbaracle,Lucario
data/images/hq/690.png,skrelp,Growlithe
data/images/hq/691.png,dragalge,Togekiss
data/images/hq/692.png,clauncher,Gyarados
data/images/hq/693.png,clawitzer,Gyarados
data/images/hq/694.png,helioptile,Pikachu
data/images/hq/695.png,heliolisk,Charmander
data/images/hq/696.png,tyrunt,Tyranitar
data/images/hq/697.png,tyrantrum,Tyranitar
data/images/hq/698.png,amaura,Lapras
data/images/hq/699.png,aurorus,Dragonite
data/images/hq/700.png,sylveon,Espeon
data/images/hq/701.png,hawlucha,Articuno
data/images/hq/702.png,dedenne,Pikachu
data/images/hq/703.png,carbink,Lunatone
data/images/hq/704.png,goomy,Shellder
data/images/hq/705-Hisui.png,sliggoo-hisui,Mime
data/images/hq/705.png,sliggoo,Lileep
data/images/hq/706-Hisui.png,goodra-hisui,Gengar
data/images/hq/706.png,goodra,Dragonair
data/images/hq/707.png,klefki,Hitmonlee
data/images/hq/708.png,phantump,Gengar
data/images/hq/709.png,trevenant,Trevenant
data/images/hq/710.png,pumpkaboo-average,Gligar
data/images/hq/711.png,gourgeist-average,Gengar
data/images/hq/712.png,bergmite,Latias
data/images/hq/713-Hisui.png,avalugg-hisui,Dragonite
data/images/hq/713.png,avalugg,Weavile
data/images/hq/714.png,noibat,Gligar
data/images/hq/715.png,noivern,Garchomp
data/images/hq/716.png,xerneas,Rayquaza
data/images/hq/717.png,yveltal,Charizard
data/images/hq/718-10.png,zygarde-50-10,Greninja
data/images/hq/718-Cell.png,zygarde-50-cell,Turtwig
data/images/hq/718-Complete.png,zygarde-50-complete,Greninja
data/images/hq/718-Core.png,zygarde-50-core,Gloom
data/images/hq/718.png,zygarde-50,Greninja
data/images/hq/719-Mega.png,diancie-mega,Castform
data/images/hq/719.png,diancie,Gardevoir
data/images/hq/720-Unbound.png,hoopa-unbound,Gengar
data/images/hq/720.png,hoopa,Jigglypuff
data/images/hq/721.png,volcanion,Tyranitar
data/images/hq/722.png,rowlet,Politoed
data/images/hq/723.png,dartrix,Togepi
data/images/hq/724-Hisui.png,decidueye-hisui,Ho-Oh
data/images/hq/724.png,decidueye,Ho-Oh
data/images/hq/725.png,litten,Mewtwo
data/images/hq/726.png,torracat,Torchic
data/images/hq/727.png,incineroar,Charizard
data/images/hq/728.png,popplio,Mime Jr.
data/images/hq/729.png,brionne,Lapras
data/images/hq/730.png,primarina,Greninja
data/images/hq/731.png,pikipek,Pikachu
data/images/hq/732.png,trumbeak,Starly
data/images/hq/733.png,toucannon,Toucannon
data/images/hq/734.png,yungoos,Gligar
data/images/hq/735.png,gumshoos,Arcanine
data/images/hq/736.png,grubbin,Lapras
data/images/hq/737.png,charjabug,Trubbish
data/images/hq/738.png,vikavolt,Darkrai
data/images/hq/739.png,crabrawler,Garchomp
data/images/hq/740.png,crabominable,Gengar
data/images/hq/741-Pau.png,oricorio-baile-pau,Pidgey
data/images/hq/741-Pom-Pom.png,oricorio-baile-pom-pom,Pikachu
data/images/hq/741-Sensu.png,oricorio-baile-sensu,Pidgey
data/images/hq/741.png,oricorio-baile,Charizard
data/images/hq/742.png,cutiefly,Beedrill
data/images/hq/743.png,ribombee,Beedrill
data/images/hq/744.png,rockruff,Snorlax
data/images/hq/745-Dusk.png,lycanroc-midday-dusk,Garchomp
data/images/hq/745-Midnight.png,lycanroc-midday-midnight,Garchomp
data/images/hq/745.png,lycanroc-midday,Gligar
data/images/hq/746-School.png,wishiwashi-solo-school,Garchomp
data/images/hq/746.png,wishiwashi-solo,Magikarp
data/images/hq/747.png,mareanie,Gengar
data/images/hq/748.png,toxapex,Gengar
data/images/hq/749.png,mudbray,Rapidash
data/images/hq/750.png,mudsdale,Tyranitar
data/images/hq/751.png,dewpider,Lunatone
data/images/hq/752.png,araquanid,Starmie
data/images/hq/753.png,fomantis,Bellossom
data/images/hq/754.png,lurantis,Garchomp
data/images/hq/755.png,morelull,Breloom
data/images/hq/756.png,shiinotic,Jigglypuff
data/images/hq/757.png,salandit,Charizard
data/images/hq/758.png,salazzle,Sneasel
data/images/hq/759.png,stufful,Porygon2
data/images/hq/760.png,bewear,Pachirisu
data/images/hq/761.png,bounsweet,Oddish
data/images/hq/762.png,steenee,Breloom
data/images/hq/763.png,tsareena,Gengar
data/images/hq/764.png,comfey,Bulbasaur
data/images/hq/765.png,oranguru,Gengar
data/images/hq/766.png,passimian,Sceptile
data/images/hq/767.png,wimpod,Gengar
data/images/hq/768.png,golisopod,Garchomp
data/images/hq/769.png,sandygast,Gastly
data/images/hq/770.png,palossand,Sandshrew
data/images/hq/771.png,pyukumuku,Gengar
data/images/hq/772.png,type-null,Greninja
data/images/hq/773.png,silvally,Garchomp
data/images/hq/774-Red.png,minior-red-meteor-red,Jigglypuff
data/images/hq/774.png,minior-red-meteor,Graveler
data/images/hq/775.png,komala,Kangaskhan
data/images/hq/776.png,turtonator,Charizard
data/images/hq/777.png,togedemaru,Marill
data/images/hq/778-Busted.png,mimikyu-disguised-busted,Porygon
data/images/hq/778.png,mimikyu-disguised,Gengar
data/images/hq/779.png,bruxish,Goldeen
data/images/hq/780.png,drampa,Dragonair
data/images/hq/781.png,dhelmise,Garchomp
data/images/hq/782.png,jangmo-o,Togepi
data/images/hq/783.png,hakamo-o,Arcanine
data/images/hq/784.png,kommo-o,Breloom
data/images/hq/785.png,tapu-koko,Charizard
data/images/hq/786.png,tapu-lele,Wynaut
data/images/hq/787.png,tapu-bulu,Weavile
data/images/hq/788.png,tapu-fini,Umbreon
data/images/hq/789.png,cosmog,Gengar
data/images/hq/790.png,cosmoem,Lugia
data/images/hq/791-Radiant-Sun-Phase.png,solgaleo-radiant-sun-phase,Mewtwo
data/images/hq/791.png,solgaleo,Lugia
data/images/hq/792-Full-Moon-Phase.png,lunala-full-moon-phase,Lugia
data/images/hq/792.png,lunala,Gothitelle
data/images/hq/793.png,nihilego,Gengar
data/images/hq/794.png,buzzwole,Hitmontop
data/images/hq/795.png,pheromosa,Butterfree
data/images/hq/796.png,xurkitree,Lugia
data/images/hq/797.png,celesteela,Lugia
data/images/hq/798.png,kartana,Golbat
data/images/hq/799.png,guzzlord,Gyarados
data/images/hq/800-Dawn.png,necrozma-dawn,Greninja
data/images/hq/800-Dusk.png,necrozma-dusk,Garchomp
data/images/hq/800-Ultra.png,necrozma-ultra,Garchomp
data/images/hq/800.png,necrozma,Lucario
data/images/hq/801-Original.png,magearna-original,Arcanine
data/images/hq/801.png,magearna,Shuckle
data/images/hq/802.png,marshadow,Gengar
data/images/hq/803.png,poipole,Gengar
data/images/hq/804.png,naganadel,Dragonite
data/images/hq/805.png,stakataka,Golem
data/images/hq/806.png,blacephalon,Jigglypuff
data/images/hq/807.png,zeraora,Zoroark
data/images/hq/808.png,meltan,Gastly
data/images/hq/809-Gmax.png,melmetal-gmax,Lugia
data/images/hq/809.png,melmetal,Lugia
data/images/hq/810.png,grookey,Chikorita
data/images/hq/811.png,thwackey,Kecleon
data/images/hq/812-Gmax.png,rillaboom-gmax,Garchomp
data/images/hq/812.png,rillaboom,Greninja
data/images/hq/813.png,scorbunny,Fennekin
data/images/hq/814.png,raboot,Torchic
data/images/hq/815-Gmax.png,cinderace-gmax,Charizard
data/images/hq/815.png,cinderace,Torchic
data/images/hq/816.png,sobble,Snorlax
data/images/hq/817.png,drizzile,Snorlax
data/images/hq/818-Gmax.png,inteleon-gmax,Porygon2
data/images/hq/818.png,inteleon,Dragonite
data/images/hq/819.png,skwovet,Gligar
data/images/hq/820.png,greedent,Lickitung
data/images/hq/821.png,rookidee,Pineco
data/images/hq/822.png,corvisquire,Honchkrow
data/images/hq/823-Gmax.png,corviknight-gmax,Darkrai
data/images/hq/823.png,corviknight,Murkrow
data/images/hq/824.png,blipbug,Electabuzz
data/images/hq/825.png,dottler,Kabuto
data/images/hq/826-Gmax.png,orbeetle-gmax,Beedrill
data/images/hq/826.png,orbeetle,Kakuna
data/images/hq/827.png,nickit,Arcanine
data/images/hq/828.png,thievul,Arcanine
data/images/hq/829.png,gossifleur,Solaris
data/images/hq/830.png,eldegoss,Bellossom
data/images/hq/831.png,wooloo,Wooloo
data/images/hq/832.png,dubwool,Miltank
data/images/hq/833.png,chewtle,Seel
data/images/hq/834-Gmax.png,drednaw-gmax,Charizard
data/images/hq/834.png,drednaw,Blastoise
data/images/hq/835.png,yamper,Pikachu
data/images/hq/836.png,boltund,Quilava
data/images/hq/837.png,rolycoly,Golem
data/images/hq/838.png,carkol,Charizard
data/images/hq/839-Gmax.png,coalossal-gmax,Golem
data/images/hq/839.png,coalossal,Onix
data/images/hq/840.png,applin,Apple
data/images/hq/841-Gmax.png,flapple-gmax,Gourgeist
data/images/hq/841.png,flapple,Torchic
data/images/hq/842.png,appletun,Applin
data/images/hq/843.png,silicobra,Slakoth
data/images/hq/844-Gmax.png,sandaconda-gmax,Gengar
data/images/hq/844.png,sandaconda,Snorlax
data/images/hq/845-Gorging.png,cramorant-gorging,Zapdos
data/images/hq/845-Gulping.png,cramorant-gulping,Pelipper
data/images/hq/845.png,cramorant,Pelipper
data/images/hq/846.png,arrokuda,Gyarados
data/images/hq/847.png,barraskewda,Gyarados
data/images/hq/848.png,toxel,Snorunt
data/images/hq/849-Amped-Gmax.png,toxtricity-amped-amped-gmax,Dragonite
data/images/hq/849-Low-Key.png,toxtricity-amped-low-key,Greninja
data/images/hq/849.png,toxtricity-amped,Zoroark
data/images/hq/850.png,sizzlipede,Charizard
data/images/hq/851-Gmax.png,centiskorch-gmax,Charizard
data/images/hq/851.png,centiskorch,Charizard
data/images/hq/852.png,clobbopus,Octillery
data/images/hq/853.png,grapploct,Octillery
data/images/hq/854.png,sinistea,Castform
data/images/hq/855.png,polteageist,Castform
data/images/hq/856.png,hatenna,Clefairy
data/images/hq/857.png,hattrem,Jigglypuff
data/images/hq/858-Gmax.png,hatterene-gmax,Girafarig
data/images/hq/858.png,hatterene,Azumarill
data/images/hq/859.png,impidimp,Hydreigon
data/images/hq/860.png,morgrem,Charizard
data/images/hq/861-Gmax.png,grimmsnarl-gmax,Hydreigon
data/images/hq/861.png,grimmsnarl,Gengar
data/images/hq/862.png,obstagoon,Garchomp
data/images/hq/863.png,perrserker,Hitmontop
data/images/hq/864.png,cursola,Exeggutor
data/images/hq/865.png,sirfetchd,Sceptile
data/images/hq/866.png,mr-rime,Mismagius
data/images/hq/867.png,runerigus,Arbok
data/images/hq/868.png,milcery,Togepi
data/images/hq/869-Gmax.png,alcremie-gmax,Pikachu
data/images/hq/869.png,alcremie,Clefairy
data/images/hq/870.png,falinks,Lickitung
data/images/hq/871.png,pincurchin,Gengar
data/images/hq/872.png,snom,Jigglypuff
data/images/hq/873.png,frosmoth,Greninja
data/images/hq/874.png,stonjourner,Golem
data/images/hq/875-Noice.png,eiscue-ice-noice,Lunatone
data/images/hq/875.png,eiscue-ice,Lunatone
data/images/hq/876-Female.png,indeedee-male-female,Snorlax
data/images/hq/876-Male-Female.png,indeedee-male-male-female,Brionne
data/images/hq/876.png,indeedee-male,Gligar
data/images/hq/877-Hangry.png,morpeko-full-belly-hangry,Gengar
data/images/hq/877.png,morpeko-full-belly,Pikachu
data/images/hq/878.png,cufant,Beldum
data/images/hq/879-Gmax.png,copperajah-gmax,Tyranitar
data/images/hq/879.png,copperajah,Tyranitar
data/images/hq/880.png,dracozolt,Tyranitar
data/images/hq/881.png,arctozolt,Seaking
data/images/hq/882.png,dracovish,Greninja
data/images/hq/883.png,arctovish,Seaking
data/images/hq/884-Gmax.png,duraludon-gmax,Gengar
data/images/hq/884.png,duraludon,Lugia
data/images/hq/885.png,dreepy,Charmander
data/images/hq/886.png,drakloak,Gyarados
data/images/hq/887.png,dragapult,Gyarados
data/images/hq/888-Crowned.png,zacian-crowned,Rayquaza
data/images/hq/888.png,zacian,Lucario
data/images/hq/889-Crowned.png,zamazenta-crowned,Reshiram
data/images/hq/889.png,zamazenta,Lucario
data/images/hq/890-Eternamax.png,eternatus-eternamax,Garchomp
data/images/hq/890.png,eternatus,Charizard
data/images/hq/891.png,kubfu,Greninja
data/images/hq/892-Rapid-Strike-Gmax.png,urshifu-single-strike-rapid-strike-gmax,Gengar
data/images/hq/892-Rapid-Strike.png,urshifu-single-strike-rapid-strike,Gengar
data/images/hq/892-Single-Strike-Gmax.png,urshifu-single-strike-single-strike-gmax,Dragonite
data/images/hq/892.png,urshifu-single-strike,Garchomp
data/images/hq/893-Dada.png,zarude-dada,Mewtwo
data/images/hq/893.png,zarude,Gligar
data/images/hq/894.png,regieleki,Garchomp
data/images/hq/895.png,regidrago,Gengar
data/images/hq/896.png,glastrier,Glaceon
data/images/hq/897.png,spectrier,Girafarig
data/images/hq/898-Ice.png,calyrex-ice,Garchomp
data/images/hq/898-Shadow.png,calyrex-shadow,Garchomp
data/images/hq/898.png,calyrex,Breloom
data/images/hq/899.png,wyrdeer,Rapidash
data/images/hq/900.png,kleavor,Darkrai
data/images/hq/901.png,ursaluna,Garchomp
data/images/hq/902.png,basculegion-male,Gyarados
data/images/hq/903.png,sneasler,Gengar
data/images/hq/904.png,overqwil,Darkrai
data/images/hq/905-Therian.png,enamorus-incarnate-therian,Gligar
data/images/hq/905.png,enamorus-incarnate,Gligar
